S No,State_Code,State,District_Key,Cowin Key,District
1,AN,Andaman and Nicobar Islands,AN_Nicobars,Nicobar,Nicobars
2,AN,Andaman and Nicobar Islands,AN_North and Middle Andaman,North and Middle Andaman,North and Middle Andaman
3,AN,Andaman and Nicobar Islands,AN_South Andaman,South Andaman,South Andaman
4,AP,Andhra Pradesh,AP_Anantapur,Anantapur,Anantapur
5,AP,Andhra Pradesh,AP_Chittoor,Chittoor,Chittoor
6,AP,Andhra Pradesh,AP_East Godavari,East Godavari,East Godavari
7,AP,Andhra Pradesh,AP_Guntur,Guntur,Guntur
8,AP,Andhra Pradesh,AP_Krishna,Krishna,Krishna
9,AP,Andhra Pradesh,AP_Kurnool,Kurnool,Kurnool
10,AP,Andhra Pradesh,AP_Prakasam,Prakasam,Prakasam
11,AP,Andhra Pradesh,AP_S.P.S. Nellore,Sri Potti Sriramulu Nellore,S.P.S. Nellore
12,AP,Andhra Pradesh,AP_Srikakulam,Srikakulam,Srikakulam
13,AP,Andhra Pradesh,AP_Visakhapatnam,Visakhapatnam,Visakhapatnam
14,AP,Andhra Pradesh,AP_Vizianagaram,Vizianagaram,Vizianagaram
15,AP,Andhra Pradesh,AP_West Godavari,West Godavari,West Godavari
16,AP,Andhra Pradesh,AP_Y.S.R. Kadapa,YSR District Kadapa (Cuddapah),Y.S.R. Kadapa
17,AR,Arunachal Pradesh,AR_Anjaw,Anjaw,Anjaw
18,AR,Arunachal Pradesh,AR_Changlang,Changlang,Changlang
19,AR,Arunachal Pradesh,AR_Upper Dibang Valley,Dibang Valley,Upper Dibang Valley
20,AR,Arunachal Pradesh,AR_East Kameng,East Kameng,East Kameng
21,AR,Arunachal Pradesh,AR_East Siang,East Siang,East Siang
22,AR,Arunachal Pradesh,AR_Papum Pare,Itanagar Capital Complex,Papum Pare
23,AR,Arunachal Pradesh,AR_Kamle,Kamle,Kamle
24,AR,Arunachal Pradesh,AR_Kra Daadi,Kra Daadi,Kra Daadi
25,AR,Arunachal Pradesh,AR_Kurung Kumey,Kurung Kumey,Kurung Kumey
26,AR,Arunachal Pradesh,AR_Lepa Rada,Lepa Rada,Lepa Rada
27,AR,Arunachal Pradesh,AR_Lohit,Lohit,Lohit
28,AR,Arunachal Pradesh,AR_Longding,Longding,Longding
29,AR,Arunachal Pradesh,AR_Lower Dibang Valley,Lower Dibang Valley,Lower Dibang Valley
30,AR,Arunachal Pradesh,AR_Lower Siang,Lower Siang,Lower Siang
31,AR,Arunachal Pradesh,AR_Lower Subansiri,Lower Subansiri,Lower Subansiri
32,AR,Arunachal Pradesh,AR_Namsai,Namsai,Namsai
33,AR,Arunachal Pradesh,AR_Pakke Kessang,Pakke Kessang,Pakke Kessang
34,AR,Arunachal Pradesh,AR_Papum Pare,Papum Pare,Papum Pare
35,AR,Arunachal Pradesh,AR_Shi Yomi,Shi Yomi,Shi Yomi
36,AR,Arunachal Pradesh,AR_Siang,Siang,Siang
37,AR,Arunachal Pradesh,AR_Tawang,Tawang,Tawang
38,AR,Arunachal Pradesh,AR_Tirap,Tirap,Tirap
39,AR,Arunachal Pradesh,AR_Upper Siang,Upper Siang,Upper Siang
40,AR,Arunachal Pradesh,AR_Upper Subansiri,Upper Subansiri,Upper Subansiri
41,AR,Arunachal Pradesh,AR_West Kameng,West Kameng,West Kameng
42,AR,Arunachal Pradesh,AR_West Siang,West Siang,West Siang
43,AS,Assam,AS_Baksa,Baksa,Baksa
44,AS,Assam,AS_Barpeta,Barpeta,Barpeta
45,AS,Assam,AS_Biswanath,Biswanath,Biswanath
46,AS,Assam,AS_Bongaigaon,Bongaigaon,Bongaigaon
47,AS,Assam,AS_Cachar,Cachar,Cachar
48,AS,Assam,AS_Charaideo,Charaideo,Charaideo
49,AS,Assam,AS_Chirang,Chirang,Chirang
50,AS,Assam,AS_Darrang,Darrang,Darrang
51,AS,Assam,AS_Dhemaji,Dhemaji,Dhemaji
52,AS,Assam,AS_Dhubri,Dhubri,Dhubri
53,AS,Assam,AS_Dibrugarh,Dibrugarh,Dibrugarh
54,AS,Assam,AS_Dima Hasao,Dima Hasao,Dima Hasao
55,AS,Assam,AS_Goalpara,Goalpara,Goalpara
56,AS,Assam,AS_Golaghat,Golaghat,Golaghat
57,AS,Assam,AS_Hailakandi,Hailakandi,Hailakandi
58,AS,Assam,AS_Hojai,Hojai,Hojai
59,AS,Assam,AS_Jorhat,Jorhat,Jorhat
60,AS,Assam,AS_Kamrup Metropolitan,Kamrup Metropolitan,Kamrup Metropolitan
61,AS,Assam,AS_Kamrup,Kamrup Rural,Kamrup
62,AS,Assam,AS_Karbi Anglong,Karbi-Anglong,Karbi Anglong
63,AS,Assam,AS_Karimganj,Karimganj,Karimganj
64,AS,Assam,AS_Kokrajhar,Kokrajhar,Kokrajhar
65,AS,Assam,AS_Lakhimpur,Lakhimpur,Lakhimpur
66,AS,Assam,AS_Majuli,Majuli,Majuli
67,AS,Assam,AS_Morigaon,Morigaon,Morigaon
68,AS,Assam,AS_Nagaon,Nagaon,Nagaon
69,AS,Assam,AS_Nalbari,Nalbari,Nalbari
70,AS,Assam,AS_Sivasagar,Sivasagar,Sivasagar
71,AS,Assam,AS_Sonitpur,Sonitpur,Sonitpur
72,AS,Assam,AS_South Salmara Mankachar,South Salmara Mankachar,South Salmara Mankachar
73,AS,Assam,AS_Tinsukia,Tinsukia,Tinsukia
74,AS,Assam,AS_Udalguri,Udalguri,Udalguri
75,AS,Assam,AS_West Karbi Anglong,West Karbi Anglong,West Karbi Anglong
76,BR,Bihar,BR_Araria,Araria,Araria
77,BR,Bihar,BR_Arwal,Arwal,Arwal
78,BR,Bihar,BR_Aurangabad,Aurangabad,Aurangabad
79,BR,Bihar,BR_Banka,Banka,Banka
80,BR,Bihar,BR_Begusarai,Begusarai,Begusarai
81,BR,Bihar,BR_Bhagalpur,Bhagalpur,Bhagalpur
82,BR,Bihar,BR_Bhojpur,Bhojpur,Bhojpur
83,BR,Bihar,BR_Buxar,Buxar,Buxar
84,BR,Bihar,BR_Darbhanga,Darbhanga,Darbhanga
85,BR,Bihar,BR_East Champaran,East Champaran,East Champaran
86,BR,Bihar,BR_Gaya,Gaya,Gaya
87,BR,Bihar,BR_Gopalganj,Gopalganj,Gopalganj
88,BR,Bihar,BR_Jamui,Jamui,Jamui
89,BR,Bihar,BR_Jehanabad,Jehanabad,Jehanabad
90,BR,Bihar,BR_Kaimur,Kaimur,Kaimur
91,BR,Bihar,BR_Katihar,Katihar,Katihar
92,BR,Bihar,BR_Khagaria,Khagaria,Khagaria
93,BR,Bihar,BR_Kishanganj,Kishanganj,Kishanganj
94,BR,Bihar,BR_Lakhisarai,Lakhisarai,Lakhisarai
95,BR,Bihar,BR_Madhepura,Madhepura,Madhepura
96,BR,Bihar,BR_Madhubani,Madhubani,Madhubani
97,BR,Bihar,BR_Munger,Munger,Munger
98,BR,Bihar,BR_Muzaffarpur,Muzaffarpur,Muzaffarpur
99,BR,Bihar,BR_Nalanda,Nalanda,Nalanda
100,BR,Bihar,BR_Nawada,Nawada,Nawada
101,BR,Bihar,BR_Patna,Patna,Patna
102,BR,Bihar,BR_Purnia,Purnia,Purnia
103,BR,Bihar,BR_Rohtas,Rohtas,Rohtas
104,BR,Bihar,BR_Saharsa,Saharsa,Saharsa
105,BR,Bihar,BR_Samastipur,Samastipur,Samastipur
106,BR,Bihar,BR_Saran,Saran,Saran
107,BR,Bihar,BR_Sheikhpura,Sheikhpura,Sheikhpura
108,BR,Bihar,BR_Sheohar,Sheohar,Sheohar
109,BR,Bihar,BR_Sitamarhi,Sitamarhi,Sitamarhi
110,BR,Bihar,BR_Siwan,Siwan,Siwan
111,BR,Bihar,BR_Supaul,Supaul,Supaul
112,BR,Bihar,BR_Vaishali,Vaishali,Vaishali
113,BR,Bihar,BR_West Champaran,West Champaran,West Champaran
114,CH,Chandigarh,CH_Chandigarh,Chandigarh,Chandigarh
115,CT,Chhattisgarh,CT_Balod,Balod,Balod
116,CT,Chhattisgarh,CT_Baloda Bazar,Baloda bazar,Baloda Bazar
117,CT,Chhattisgarh,CT_Balrampur,Balrampur,Balrampur
118,CT,Chhattisgarh,CT_Bastar,Bastar,Bastar
119,CT,Chhattisgarh,CT_Bametara,Bemetara,Bametara
120,CT,Chhattisgarh,CT_Bijapur,Bijapur,Bijapur
121,CT,Chhattisgarh,CT_Bilaspur,Bilaspur,Bilaspur
122,CT,Chhattisgarh,CT_Dakshin Bastar Dantewada,Dantewada,Dakshin Bastar Dantewada
123,CT,Chhattisgarh,CT_Dhamtari,Dhamtari,Dhamtari
124,CT,Chhattisgarh,CT_Durg,Durg,Durg
125,CT,Chhattisgarh,CT_Gariaband,Gariaband,Gariaband
126,CT,Chhattisgarh,CT_Gaurela Pendra Marwahi,Gaurela Pendra Marwahi,Gaurela Pendra Marwahi
127,CT,Chhattisgarh,CT_Janjgir Champa,Janjgir-Champa,Janjgir Champa
128,CT,Chhattisgarh,CT_Jashpur,Jashpur,Jashpur
129,CT,Chhattisgarh,CT_Uttar Bastar Kanker,Kanker,Uttar Bastar Kanker
130,CT,Chhattisgarh,CT_Kabeerdham,Kawardha,Kabeerdham
131,CT,Chhattisgarh,CT_Kondagaon,Kondagaon,Kondagaon
132,CT,Chhattisgarh,CT_Korba,Korba,Korba
133,CT,Chhattisgarh,CT_Koriya,Koriya,Koriya
134,CT,Chhattisgarh,CT_Mahasamund,Mahasamund,Mahasamund
135,CT,Chhattisgarh,CT_Mungeli,Mungeli,Mungeli
136,CT,Chhattisgarh,CT_Narayanpur,Narayanpur,Narayanpur
137,CT,Chhattisgarh,CT_Raigarh,Raigarh,Raigarh
138,CT,Chhattisgarh,CT_Raipur,Raipur,Raipur
139,CT,Chhattisgarh,CT_Rajnandgaon,Rajnandgaon,Rajnandgaon
140,CT,Chhattisgarh,CT_Sukma,Sukma,Sukma
141,CT,Chhattisgarh,CT_Surajpur,Surajpur,Surajpur
142,CT,Chhattisgarh,CT_Surguja,Surguja,Surguja
143,DN,Dadra and Nagar Haveli and Daman and Diu,DN_Dadra and Nagar Haveli,Dadra and Nagar Haveli,Dadra and Nagar Haveli
144,DN,Dadra and Nagar Haveli and Daman and Diu,DN_Daman,Daman,Daman
145,DN,Dadra and Nagar Haveli and Daman and Diu,DN_Diu,Diu,Diu
146,DL,Delhi,DL_Central Delhi,Central Delhi,Central Delhi
147,DL,Delhi,DL_East Delhi,East Delhi,East Delhi
148,DL,Delhi,DL_New Delhi,New Delhi,New Delhi
149,DL,Delhi,DL_North Delhi,North Delhi,North Delhi
150,DL,Delhi,DL_North East Delhi,North East Delhi,North East Delhi
151,DL,Delhi,DL_North West Delhi,North West Delhi,North West Delhi
152,DL,Delhi,DL_Shahdara,Shahdara,Shahdara
153,DL,Delhi,DL_South Delhi,South Delhi,South Delhi
154,DL,Delhi,DL_South East Delhi,South East Delhi,South East Delhi
155,DL,Delhi,DL_South West Delhi,South West Delhi,South West Delhi
156,DL,Delhi,DL_West Delhi,West Delhi,West Delhi
157,GA,Goa,GA_North Goa,North Goa,North Goa
158,GA,Goa,GA_South Goa,South Goa,South Goa
159,GJ,Gujarat,GJ_Ahmedabad,Ahmedabad,Ahmedabad
160,GJ,Gujarat,GJ_Ahmedabad,Ahmedabad Corporation,Ahmedabad
161,GJ,Gujarat,GJ_Amreli,Amreli,Amreli
162,GJ,Gujarat,GJ_Anand,Anand,Anand
163,GJ,Gujarat,GJ_Aravalli,Aravalli,Aravalli
164,GJ,Gujarat,GJ_Banaskantha,Banaskantha,Banaskantha
165,GJ,Gujarat,GJ_Bharuch,Bharuch,Bharuch
166,GJ,Gujarat,GJ_Bhavnagar,Bhavnagar,Bhavnagar
167,GJ,Gujarat,GJ_Bhavnagar,Bhavnagar Corporation,Bhavnagar
168,GJ,Gujarat,GJ_Botad,Botad,Botad
169,GJ,Gujarat,GJ_Chhota Udaipur,Chhotaudepur,Chhota Udaipur
170,GJ,Gujarat,GJ_Dahod,Dahod,Dahod
171,GJ,Gujarat,GJ_Dang,Dang,Dang
172,GJ,Gujarat,GJ_Devbhumi Dwarka,Devbhumi Dwaraka,Devbhumi Dwarka
173,GJ,Gujarat,GJ_Gandhinagar,Gandhinagar,Gandhinagar
174,GJ,Gujarat,GJ_Gandhinagar,Gandhinagar Corporation,Gandhinagar
175,GJ,Gujarat,GJ_Gir Somnath,Gir Somnath,Gir Somnath
176,GJ,Gujarat,GJ_Jamnagar,Jamnagar,Jamnagar
177,GJ,Gujarat,GJ_Jamnagar,Jamnagar Corporation,Jamnagar
178,GJ,Gujarat,GJ_Junagadh,Junagadh,Junagadh
179,GJ,Gujarat,GJ_Junagadh,Junagadh Corporation,Junagadh
180,GJ,Gujarat,GJ_Kheda,Kheda,Kheda
181,GJ,Gujarat,GJ_Kutch,Kutch,Kutch
182,GJ,Gujarat,GJ_Mahisagar,Mahisagar,Mahisagar
183,GJ,Gujarat,GJ_Mehsana,Mehsana,Mehsana
184,GJ,Gujarat,GJ_Morbi,Morbi,Morbi
185,GJ,Gujarat,GJ_Narmada,Narmada,Narmada
186,GJ,Gujarat,GJ_Navsari,Navsari,Navsari
187,GJ,Gujarat,GJ_Panchmahal,Panchmahal,Panchmahal
188,GJ,Gujarat,GJ_Patan,Patan,Patan
189,GJ,Gujarat,GJ_Porbandar,Porbandar,Porbandar
190,GJ,Gujarat,GJ_Rajkot,Rajkot,Rajkot
191,GJ,Gujarat,GJ_Rajkot,Rajkot Corporation,Rajkot
192,GJ,Gujarat,GJ_Sabarkantha,Sabarkantha,Sabarkantha
193,GJ,Gujarat,GJ_Surat,Surat,Surat
194,GJ,Gujarat,GJ_Surat,Surat Corporation,Surat
195,GJ,Gujarat,GJ_Surendranagar,Surendranagar,Surendranagar
196,GJ,Gujarat,GJ_Tapi,Tapi,Tapi
197,GJ,Gujarat,GJ_Vadodara,Vadodara,Vadodara
198,GJ,Gujarat,GJ_Vadodara,Vadodara Corporation,Vadodara
199,GJ,Gujarat,GJ_Valsad,Valsad,Valsad
200,HR,Haryana,HR_Ambala,Ambala,Ambala
201,HR,Haryana,HR_Bhiwani,Bhiwani,Bhiwani
202,HR,Haryana,HR_Charkhi Dadri,Charkhi Dadri,Charkhi Dadri
203,HR,Haryana,HR_Faridabad,Faridabad,Faridabad
204,HR,Haryana,HR_Fatehabad,Fatehabad,Fatehabad
205,HR,Haryana,HR_Gurugram,Gurgaon,Gurugram
206,HR,Haryana,HR_Hisar,Hisar,Hisar
207,HR,Haryana,HR_Jhajjar,Jhajjar,Jhajjar
208,HR,Haryana,HR_Jind,Jind,Jind
209,HR,Haryana,HR_Kaithal,Kaithal,Kaithal
210,HR,Haryana,HR_Karnal,Karnal,Karnal
211,HR,Haryana,HR_Kurukshetra,Kurukshetra,Kurukshetra
212,HR,Haryana,HR_Mahendragarh,Mahendragarh,Mahendragarh
213,HR,Haryana,HR_Nuh,Nuh,Nuh
214,HR,Haryana,HR_Palwal,Palwal,Palwal
215,HR,Haryana,HR_Panchkula,Panchkula,Panchkula
216,HR,Haryana,HR_Panipat,Panipat,Panipat
217,HR,Haryana,HR_Rewari,Rewari,Rewari
218,HR,Haryana,HR_Rohtak,Rohtak,Rohtak
219,HR,Haryana,HR_Sirsa,Sirsa,Sirsa
220,HR,Haryana,HR_Sonipat,Sonipat,Sonipat
221,HR,Haryana,HR_Yamunanagar,Yamunanagar,Yamunanagar
222,HP,Himachal Pradesh,HP_Bilaspur,Bilaspur,Bilaspur
223,HP,Himachal Pradesh,HP_Chamba,Chamba,Chamba
224,HP,Himachal Pradesh,HP_Hamirpur,Hamirpur,Hamirpur
225,HP,Himachal Pradesh,HP_Kangra,Kangra,Kangra
226,HP,Himachal Pradesh,HP_Kinnaur,Kinnaur,Kinnaur
227,HP,Himachal Pradesh,HP_Kullu,Kullu,Kullu
228,HP,Himachal Pradesh,HP_Lahaul and Spiti,Lahaul Spiti,Lahaul and Spiti
229,HP,Himachal Pradesh,HP_Mandi,Mandi,Mandi
230,HP,Himachal Pradesh,HP_Shimla,Shimla,Shimla
231,HP,Himachal Pradesh,HP_Sirmaur,Sirmaur,Sirmaur
232,HP,Himachal Pradesh,HP_Solan,Solan,Solan
233,HP,Himachal Pradesh,HP_Una,Una,Una
234,JK,Jammu and Kashmir,JK_Anantnag,Anantnag,Anantnag
235,JK,Jammu and Kashmir,JK_Bandipora,Bandipore,Bandipora
236,JK,Jammu and Kashmir,JK_Baramulla,Baramulla,Baramulla
237,JK,Jammu and Kashmir,JK_Budgam,Budgam,Budgam
238,JK,Jammu and Kashmir,JK_Doda,Doda,Doda
239,JK,Jammu and Kashmir,JK_Ganderbal,Ganderbal,Ganderbal
240,JK,Jammu and Kashmir,JK_Jammu,Jammu,Jammu
241,JK,Jammu and Kashmir,JK_Kathua,Kathua,Kathua
242,JK,Jammu and Kashmir,JK_Kishtwar,Kishtwar,Kishtwar
243,JK,Jammu and Kashmir,JK_Kulgam,Kulgam,Kulgam
244,JK,Jammu and Kashmir,JK_Kupwara,Kupwara,Kupwara
245,JK,Jammu and Kashmir,JK_Punch,Poonch,Punch
246,JK,Jammu and Kashmir,JK_Pulwama,Pulwama,Pulwama
247,JK,Jammu and Kashmir,JK_Rajouri,Rajouri,Rajouri
248,JK,Jammu and Kashmir,JK_Ramban,Ramban,Ramban
249,JK,Jammu and Kashmir,JK_Reasi,Reasi,Reasi
250,JK,Jammu and Kashmir,JK_Samba,Samba,Samba
251,JK,Jammu and Kashmir,JK_Shopiyan,Shopian,Shopiyan
252,JK,Jammu and Kashmir,JK_Srinagar,Srinagar,Srinagar
253,JK,Jammu and Kashmir,JK_Udhampur,Udhampur,Udhampur
254,JH,Jharkhand,JH_Bokaro,Bokaro,Bokaro
255,JH,Jharkhand,JH_Chatra,Chatra,Chatra
256,JH,Jharkhand,JH_Deoghar,Deoghar,Deoghar
257,JH,Jharkhand,JH_Dhanbad,Dhanbad,Dhanbad
258,JH,Jharkhand,JH_Dumka,Dumka,Dumka
259,JH,Jharkhand,JH_East Singhbhum,East Singhbhum,East Singhbhum
260,JH,Jharkhand,JH_Garhwa,Garhwa,Garhwa
261,JH,Jharkhand,JH_Giridih,Giridih,Giridih
262,JH,Jharkhand,JH_Godda,Godda,Godda
263,JH,Jharkhand,JH_Gumla,Gumla,Gumla
264,JH,Jharkhand,JH_Hazaribagh,Hazaribagh,Hazaribagh
265,JH,Jharkhand,JH_Jamtara,Jamtara,Jamtara
266,JH,Jharkhand,JH_Khunti,Khunti,Khunti
267,JH,Jharkhand,JH_Koderma,Koderma,Koderma
268,JH,Jharkhand,JH_Latehar,Latehar,Latehar
269,JH,Jharkhand,JH_Lohardaga,Lohardaga,Lohardaga
270,JH,Jharkhand,JH_Pakur,Pakur,Pakur
271,JH,Jharkhand,JH_Palamu,Palamu,Palamu
272,JH,Jharkhand,JH_Ramgarh,Ramgarh,Ramgarh
273,JH,Jharkhand,JH_Ranchi,Ranchi,Ranchi
274,JH,Jharkhand,JH_Sahibganj,Sahebganj,Sahibganj
275,JH,Jharkhand,JH_Saraikela-Kharsawan,Seraikela Kharsawan,Saraikela-Kharsawan
276,JH,Jharkhand,JH_Simdega,Simdega,Simdega
277,JH,Jharkhand,JH_West Singhbhum,West Singhbhum,West Singhbhum
278,KA,Karnataka,KA_Bagalkote,Bagalkot,Bagalkote
279,KA,Karnataka,KA_Bengaluru Rural,Bangalore Rural,Bengaluru Rural
280,KA,Karnataka,KA_Bengaluru Urban,Bangalore Urban,Bengaluru Urban
281,KA,Karnataka,KA_Bengaluru Urban,BBMP,Bengaluru Urban
282,KA,Karnataka,KA_Belagavi,Belgaum,Belagavi
283,KA,Karnataka,KA_Ballari,Bellary,Ballari
284,KA,Karnataka,KA_Bidar,Bidar,Bidar
285,KA,Karnataka,KA_Chamarajanagara,Chamarajanagar,Chamarajanagara
286,KA,Karnataka,KA_Chikkamagaluru,Chikamagalur,Chikkamagaluru
287,KA,Karnataka,KA_Chikkaballapura,Chikkaballapur,Chikkaballapura
288,KA,Karnataka,KA_Chitradurga,Chitradurga,Chitradurga
289,KA,Karnataka,KA_Dakshina Kannada,Dakshina Kannada,Dakshina Kannada
290,KA,Karnataka,KA_Davanagere,Davanagere,Davanagere
291,KA,Karnataka,KA_Dharwad,Dharwad,Dharwad
292,KA,Karnataka,KA_Gadag,Gadag,Gadag
293,KA,Karnataka,KA_Kalaburagi,Gulbarga,Kalaburagi
294,KA,Karnataka,KA_Hassan,Hassan,Hassan
295,KA,Karnataka,KA_Haveri,Haveri,Haveri
296,KA,Karnataka,KA_Kodagu,Kodagu,Kodagu
297,KA,Karnataka,KA_Kolar,Kolar,Kolar
298,KA,Karnataka,KA_Koppal,Koppal,Koppal
299,KA,Karnataka,KA_Mandya,Mandya,Mandya
300,KA,Karnataka,KA_Mysuru,Mysore,Mysuru
301,KA,Karnataka,KA_Raichur,Raichur,Raichur
302,KA,Karnataka,KA_Ramanagara,Ramanagara,Ramanagara
303,KA,Karnataka,KA_Shivamogga,Shimoga,Shivamogga
304,KA,Karnataka,KA_Tumakuru,Tumkur,Tumakuru
305,KA,Karnataka,KA_Udupi,Udupi,Udupi
306,KA,Karnataka,KA_Uttara Kannada,Uttar Kannada,Uttara Kannada
307,KA,Karnataka,KA_Vijayapura,Vijayapura,Vijayapura
308,KA,Karnataka,KA_Yadgir,Yadgir,Yadgir
309,KL,Kerala,KL_Alappuzha,Alappuzha,Alappuzha
310,KL,Kerala,KL_Ernakulam,Ernakulam,Ernakulam
311,KL,Kerala,KL_Idukki,Idukki,Idukki
312,KL,Kerala,KL_Kannur,Kannur,Kannur
313,KL,Kerala,KL_Kasaragod,Kasaragod,Kasaragod
314,KL,Kerala,KL_Kollam,Kollam,Kollam
315,KL,Kerala,KL_Kottayam,Kottayam,Kottayam
316,KL,Kerala,KL_Kozhikode,Kozhikode,Kozhikode
317,KL,Kerala,KL_Malappuram,Malappuram,Malappuram
318,KL,Kerala,KL_Palakkad,Palakkad,Palakkad
319,KL,Kerala,KL_Pathanamthitta,Pathanamthitta,Pathanamthitta
320,KL,Kerala,KL_Thiruvananthapuram,Thiruvananthapuram,Thiruvananthapuram
321,KL,Kerala,KL_Thrissur,Thrissur,Thrissur
322,KL,Kerala,KL_Wayanad,Wayanad,Wayanad
323,LA,Ladakh,LA_Kargil,Kargil,Kargil
324,LA,Ladakh,LA_Leh,Leh,Leh
325,LD,Lakshadweep,LD_Lakshadweep,Lakshadweep,Lakshadweep
326,MP,Madhya Pradesh,MP_Agar Malwa,Agar,Agar Malwa
327,MP,Madhya Pradesh,MP_Alirajpur,Alirajpur,Alirajpur
328,MP,Madhya Pradesh,MP_Anuppur,Anuppur,Anuppur
329,MP,Madhya Pradesh,MP_Ashoknagar,Ashoknagar,Ashoknagar
330,MP,Madhya Pradesh,MP_Balaghat,Balaghat,Balaghat
331,MP,Madhya Pradesh,MP_Barwani,Barwani,Barwani
332,MP,Madhya Pradesh,MP_Betul,Betul,Betul
333,MP,Madhya Pradesh,MP_Bhind,Bhind,Bhind
334,MP,Madhya Pradesh,MP_Bhopal,Bhopal,Bhopal
335,MP,Madhya Pradesh,MP_Burhanpur,Burhanpur,Burhanpur
336,MP,Madhya Pradesh,MP_Chhatarpur,Chhatarpur,Chhatarpur
337,MP,Madhya Pradesh,MP_Chhindwara,Chhindwara,Chhindwara
338,MP,Madhya Pradesh,MP_Damoh,Damoh,Damoh
339,MP,Madhya Pradesh,MP_Datia,Datia,Datia
340,MP,Madhya Pradesh,MP_Dewas,Dewas,Dewas
341,MP,Madhya Pradesh,MP_Dhar,Dhar,Dhar
342,MP,Madhya Pradesh,MP_Dindori,Dindori,Dindori
343,MP,Madhya Pradesh,MP_Guna,Guna,Guna
344,MP,Madhya Pradesh,MP_Gwalior,Gwalior,Gwalior
345,MP,Madhya Pradesh,MP_Harda,Harda,Harda
346,MP,Madhya Pradesh,MP_Hoshangabad,Hoshangabad,Hoshangabad
347,MP,Madhya Pradesh,MP_Indore,Indore,Indore
348,MP,Madhya Pradesh,MP_Jabalpur,Jabalpur,Jabalpur
349,MP,Madhya Pradesh,MP_Jhabua,Jhabua,Jhabua
350,MP,Madhya Pradesh,MP_Katni,Katni,Katni
351,MP,Madhya Pradesh,MP_Khandwa,Khandwa,Khandwa
352,MP,Madhya Pradesh,MP_Khargone,Khargone,Khargone
353,MP,Madhya Pradesh,MP_Mandla,Mandla,Mandla
354,MP,Madhya Pradesh,MP_Mandsaur,Mandsaur,Mandsaur
355,MP,Madhya Pradesh,MP_Morena,Morena,Morena
356,MP,Madhya Pradesh,MP_Narsinghpur,Narsinghpur,Narsinghpur
357,MP,Madhya Pradesh,MP_Neemuch,Neemuch,Neemuch
358,MP,Madhya Pradesh,MP_Panna,Panna,Panna
359,MP,Madhya Pradesh,MP_Raisen,Raisen,Raisen
360,MP,Madhya Pradesh,MP_Rajgarh,Rajgarh,Rajgarh
361,MP,Madhya Pradesh,MP_Ratlam,Ratlam,Ratlam
362,MP,Madhya Pradesh,MP_Rewa,Rewa,Rewa
363,MP,Madhya Pradesh,MP_Sagar,Sagar,Sagar
364,MP,Madhya Pradesh,MP_Satna,Satna,Satna
365,MP,Madhya Pradesh,MP_Sehore,Sehore,Sehore
366,MP,Madhya Pradesh,MP_Seoni,Seoni,Seoni
367,MP,Madhya Pradesh,MP_Shahdol,Shahdol,Shahdol
368,MP,Madhya Pradesh,MP_Shajapur,Shajapur,Shajapur
369,MP,Madhya Pradesh,MP_Sheopur,Sheopur,Sheopur
370,MP,Madhya Pradesh,MP_Shivpuri,Shivpuri,Shivpuri
371,MP,Madhya Pradesh,MP_Sidhi,Sidhi,Sidhi
372,MP,Madhya Pradesh,MP_Singrauli,Singrauli,Singrauli
373,MP,Madhya Pradesh,MP_Tikamgarh,Tikamgarh,Tikamgarh
374,MP,Madhya Pradesh,MP_Ujjain,Ujjain,Ujjain
375,MP,Madhya Pradesh,MP_Umaria,Umaria,Umaria
376,MP,Madhya Pradesh,MP_Vidisha,Vidisha,Vidisha
377,MH,Maharashtra,MH_Ahmednagar,Ahmednagar,Ahmednagar
378,MH,Maharashtra,MH_Akola,Akola,Akola
379,MH,Maharashtra,MH_Amravati,Amravati,Amravati
380,MH,Maharashtra,MH_Aurangabad,Aurangabad,Aurangabad
381,MH,Maharashtra,MH_Beed,Beed,Beed
382,MH,Maharashtra,MH_Bhandara,Bhandara,Bhandara
383,MH,Maharashtra,MH_Buldhana,Buldhana,Buldhana
384,MH,Maharashtra,MH_Chandrapur,Chandrapur,Chandrapur
385,MH,Maharashtra,MH_Dhule,Dhule,Dhule
386,MH,Maharashtra,MH_Gadchiroli,Gadchiroli,Gadchiroli
387,MH,Maharashtra,MH_Gondia,Gondia,Gondia
388,MH,Maharashtra,MH_Hingoli,Hingoli,Hingoli
389,MH,Maharashtra,MH_Jalgaon,Jalgaon,Jalgaon
390,MH,Maharashtra,MH_Jalna,Jalna,Jalna
391,MH,Maharashtra,MH_Kolhapur,Kolhapur,Kolhapur
392,MH,Maharashtra,MH_Latur,Latur,Latur
393,MH,Maharashtra,MH_Mumbai,Mumbai,Mumbai
394,MH,Maharashtra,MH_Nagpur,Nagpur,Nagpur
395,MH,Maharashtra,MH_Nanded,Nanded,Nanded
396,MH,Maharashtra,MH_Nandurbar,Nandurbar,Nandurbar
397,MH,Maharashtra,MH_Nashik,Nashik,Nashik
398,MH,Maharashtra,MH_Osmanabad,Osmanabad,Osmanabad
399,MH,Maharashtra,MH_Palghar,Palghar,Palghar
400,MH,Maharashtra,MH_Parbhani,Parbhani,Parbhani
401,MH,Maharashtra,MH_Pune,Pune,Pune
402,MH,Maharashtra,MH_Raigad,Raigad,Raigad
403,MH,Maharashtra,MH_Ratnagiri,Ratnagiri,Ratnagiri
404,MH,Maharashtra,MH_Sangli,Sangli,Sangli
405,MH,Maharashtra,MH_Satara,Satara,Satara
406,MH,Maharashtra,MH_Sindhudurg,Sindhudurg,Sindhudurg
407,MH,Maharashtra,MH_Solapur,Solapur,Solapur
408,MH,Maharashtra,MH_Thane,Thane,Thane
409,MH,Maharashtra,MH_Wardha,Wardha,Wardha
410,MH,Maharashtra,MH_Washim,Washim,Washim
411,MH,Maharashtra,MH_Yavatmal,Yavatmal,Yavatmal
412,MN,Manipur,MN_Bishnupur,Bishnupur,Bishnupur
413,MN,Manipur,MN_Chandel,Chandel,Chandel
414,MN,Manipur,MN_Churachandpur,Churachandpur,Churachandpur
415,MN,Manipur,MN_Imphal East,Imphal East,Imphal East
416,MN,Manipur,MN_Imphal West,Imphal West,Imphal West
417,MN,Manipur,MN_Jiribam,Jiribam,Jiribam
418,MN,Manipur,MN_Kakching,Kakching,Kakching
419,MN,Manipur,MN_Kamjong,Kamjong,Kamjong
420,MN,Manipur,MN_Kangpokpi,Kangpokpi,Kangpokpi
421,MN,Manipur,MN_Noney,Noney,Noney
422,MN,Manipur,MN_Pherzawl,Pherzawl,Pherzawl
423,MN,Manipur,MN_Senapati,Senapati,Senapati
424,MN,Manipur,MN_Tamenglong,Tamenglong,Tamenglong
425,MN,Manipur,MN_Tengnoupal,Tengnoupal,Tengnoupal
426,MN,Manipur,MN_Thoubal,Thoubal,Thoubal
427,MN,Manipur,MN_Ukhrul,Ukhrul,Ukhrul
428,ML,Meghalaya,ML_East Garo Hills,East Garo Hills,East Garo Hills
429,ML,Meghalaya,ML_East Jaintia Hills,East Jaintia Hills,East Jaintia Hills
430,ML,Meghalaya,ML_East Khasi Hills,East Khasi Hills,East Khasi Hills
431,ML,Meghalaya,ML_North Garo Hills,North Garo Hills,North Garo Hills
432,ML,Meghalaya,ML_Ribhoi,Ri-Bhoi,Ribhoi
433,ML,Meghalaya,ML_South Garo Hills,South Garo Hills,South Garo Hills
434,ML,Meghalaya,ML_South West Garo Hills,South West Garo Hills,South West Garo Hills
435,ML,Meghalaya,ML_South West Khasi Hills,South West Khasi Hills,South West Khasi Hills
436,ML,Meghalaya,ML_West Garo Hills,West Garo Hills,West Garo Hills
437,ML,Meghalaya,ML_West Jaintia Hills,West Jaintia Hills,West Jaintia Hills
438,ML,Meghalaya,ML_West Khasi Hills,West Khasi Hills,West Khasi Hills
439,MZ,Mizoram,MZ_Aizawl,Aizawl East,Aizawl
440,MZ,Mizoram,MZ_Aizawl,Aizawl West,Aizawl
441,MZ,Mizoram,MZ_Champhai,Champhai,Champhai
442,MZ,Mizoram,MZ_Kolasib,Kolasib,Kolasib
443,MZ,Mizoram,MZ_Lawngtlai,Lawngtlai,Lawngtlai
444,MZ,Mizoram,MZ_Lunglei,Lunglei,Lunglei
445,MZ,Mizoram,MZ_Mamit,Mamit,Mamit
446,MZ,Mizoram,MZ_Serchhip,Serchhip,Serchhip
447,MZ,Mizoram,MZ_Saiha,Siaha,Saiha
448,NL,Nagaland,NL_Dimapur,Dimapur,Dimapur
449,NL,Nagaland,NL_Kiphire,Kiphire,Kiphire
450,NL,Nagaland,NL_Kohima,Kohima,Kohima
451,NL,Nagaland,NL_Longleng,Longleng,Longleng
452,NL,Nagaland,NL_Mokokchung,Mokokchung,Mokokchung
453,NL,Nagaland,NL_Mon,Mon,Mon
454,NL,Nagaland,NL_Peren,Peren,Peren
455,NL,Nagaland,NL_Phek,Phek,Phek
456,NL,Nagaland,NL_Tuensang,Tuensang,Tuensang
457,NL,Nagaland,NL_Wokha,Wokha,Wokha
458,NL,Nagaland,NL_Zunheboto,Zunheboto,Zunheboto
459,OR,Odisha,OR_Angul,Angul,Angul
460,OR,Odisha,OR_Balangir,Balangir,Balangir
461,OR,Odisha,OR_Balasore,Balasore,Balasore
462,OR,Odisha,OR_Bargarh,Bargarh,Bargarh
463,OR,Odisha,OR_Bhadrak,Bhadrak,Bhadrak
464,OR,Odisha,OR_Boudh,Boudh,Boudh
465,OR,Odisha,OR_Cuttack,Cuttack,Cuttack
466,OR,Odisha,OR_Deogarh,Deogarh,Deogarh
467,OR,Odisha,OR_Dhenkanal,Dhenkanal,Dhenkanal
468,OR,Odisha,OR_Gajapati,Gajapati,Gajapati
469,OR,Odisha,OR_Ganjam,Ganjam,Ganjam
470,OR,Odisha,OR_Jagatsinghpur,Jagatsinghpur,Jagatsinghpur
471,OR,Odisha,OR_Jajpur,Jajpur,Jajpur
472,OR,Odisha,OR_Jharsuguda,Jharsuguda,Jharsuguda
473,OR,Odisha,OR_Kalahandi,Kalahandi,Kalahandi
474,OR,Odisha,OR_Kandhamal,Kandhamal,Kandhamal
475,OR,Odisha,OR_Kendrapara,Kendrapara,Kendrapara
476,OR,Odisha,OR_Kendujhar,Kendujhar,Kendujhar
477,OR,Odisha,OR_Khordha,Khurda,Khordha
478,OR,Odisha,OR_Koraput,Koraput,Koraput
479,OR,Odisha,OR_Malkangiri,Malkangiri,Malkangiri
480,OR,Odisha,OR_Mayurbhanj,Mayurbhanj,Mayurbhanj
481,OR,Odisha,OR_Nabarangapur,Nabarangpur,Nabarangapur
482,OR,Odisha,OR_Nayagarh,Nayagarh,Nayagarh
483,OR,Odisha,OR_Nuapada,Nuapada,Nuapada
484,OR,Odisha,OR_Puri,Puri,Puri
485,OR,Odisha,OR_Rayagada,Rayagada,Rayagada
486,OR,Odisha,OR_Sambalpur,Sambalpur,Sambalpur
487,OR,Odisha,OR_Subarnapur,Subarnapur,Subarnapur
488,OR,Odisha,OR_Sundargarh,Sundargarh,Sundargarh
489,PY,Puducherry,PY_Karaikal,Karaikal,Karaikal
490,PY,Puducherry,PY_Mahe,Mahe,Mahe
491,PY,Puducherry,PY_Puducherry,Puducherry,Puducherry
492,PY,Puducherry,PY_Yanam,Yanam,Yanam
493,PB,Punjab,PB_Amritsar,Amritsar,Amritsar
494,PB,Punjab,PB_Barnala,Barnala,Barnala
495,PB,Punjab,PB_Bathinda,Bathinda,Bathinda
496,PB,Punjab,PB_Faridkot,Faridkot,Faridkot
497,PB,Punjab,PB_Fatehgarh Sahib,Fatehgarh Sahib,Fatehgarh Sahib
498,PB,Punjab,PB_Fazilka,Fazilka,Fazilka
499,PB,Punjab,PB_Ferozepur,Ferozpur,Ferozepur
500,PB,Punjab,PB_Gurdaspur,Gurdaspur,Gurdaspur
501,PB,Punjab,PB_Hoshiarpur,Hoshiarpur,Hoshiarpur
502,PB,Punjab,PB_Jalandhar,Jalandhar,Jalandhar
503,PB,Punjab,PB_Kapurthala,Kapurthala,Kapurthala
504,PB,Punjab,PB_Ludhiana,Ludhiana,Ludhiana
505,PB,Punjab,PB_Mansa,Mansa,Mansa
506,PB,Punjab,PB_Moga,Moga,Moga
507,PB,Punjab,PB_Pathankot,Pathankot,Pathankot
508,PB,Punjab,PB_Patiala,Patiala,Patiala
509,PB,Punjab,PB_Rupnagar,Rup Nagar,Rupnagar
510,PB,Punjab,PB_Sangrur,Sangrur,Sangrur
511,PB,Punjab,PB_S.A.S. Nagar,SAS Nagar,S.A.S. Nagar
512,PB,Punjab,PB_Shahid Bhagat Singh Nagar,SBS Nagar,Shahid Bhagat Singh Nagar
513,PB,Punjab,PB_Sri Muktsar Sahib,Sri Muktsar Sahib,Sri Muktsar Sahib
514,PB,Punjab,PB_Tarn Taran,Tarn Taran,Tarn Taran
515,RJ,Rajasthan,RJ_Ajmer,Ajmer,Ajmer
516,RJ,Rajasthan,RJ_Alwar,Alwar,Alwar
517,RJ,Rajasthan,RJ_Banswara,Banswara,Banswara
518,RJ,Rajasthan,RJ_Baran,Baran,Baran
519,RJ,Rajasthan,RJ_Barmer,Barmer,Barmer
520,RJ,Rajasthan,RJ_Bharatpur,Bharatpur,Bharatpur
521,RJ,Rajasthan,RJ_Bhilwara,Bhilwara,Bhilwara
522,RJ,Rajasthan,RJ_Bikaner,Bikaner,Bikaner
523,RJ,Rajasthan,RJ_Bundi,Bundi,Bundi
524,RJ,Rajasthan,RJ_Chittorgarh,Chittorgarh,Chittorgarh
525,RJ,Rajasthan,RJ_Churu,Churu,Churu
526,RJ,Rajasthan,RJ_Dausa,Dausa,Dausa
527,RJ,Rajasthan,RJ_Dholpur,Dholpur,Dholpur
528,RJ,Rajasthan,RJ_Dungarpur,Dungarpur,Dungarpur
529,RJ,Rajasthan,RJ_Hanumangarh,Hanumangarh,Hanumangarh
530,RJ,Rajasthan,RJ_Jaipur,Jaipur I,Jaipur
531,RJ,Rajasthan,RJ_Jaipur,Jaipur II,Jaipur
532,RJ,Rajasthan,RJ_Jaisalmer,Jaisalmer,Jaisalmer
533,RJ,Rajasthan,RJ_Jalore,Jalore,Jalore
534,RJ,Rajasthan,RJ_Jhalawar,Jhalawar,Jhalawar
535,RJ,Rajasthan,RJ_Jhunjhunu,Jhunjhunu,Jhunjhunu
536,RJ,Rajasthan,RJ_Jodhpur,Jodhpur,Jodhpur
537,RJ,Rajasthan,RJ_Karauli,Karauli,Karauli
538,RJ,Rajasthan,RJ_Kota,Kota,Kota
539,RJ,Rajasthan,RJ_Nagaur,Nagaur,Nagaur
540,RJ,Rajasthan,RJ_Pali,Pali,Pali
541,RJ,Rajasthan,RJ_Pratapgarh,Pratapgarh,Pratapgarh
542,RJ,Rajasthan,RJ_Rajsamand,Rajsamand,Rajsamand
543,RJ,Rajasthan,RJ_Sawai Madhopur,Sawai Madhopur,Sawai Madhopur
544,RJ,Rajasthan,RJ_Sikar,Sikar,Sikar
545,RJ,Rajasthan,RJ_Sirohi,Sirohi,Sirohi
546,RJ,Rajasthan,RJ_Ganganagar,Sri Ganganagar,Ganganagar
547,RJ,Rajasthan,RJ_Tonk,Tonk,Tonk
548,RJ,Rajasthan,RJ_Udaipur,Udaipur,Udaipur
549,SK,Sikkim,SK_East Sikkim,East Sikkim,East Sikkim
550,SK,Sikkim,SK_North Sikkim,North Sikkim,North Sikkim
551,SK,Sikkim,SK_South Sikkim,South Sikkim,South Sikkim
552,SK,Sikkim,SK_West Sikkim,West Sikkim,West Sikkim
553,TN,Tamil Nadu,TN_Pudukkottai,Aranthangi,Pudukkottai
554,TN,Tamil Nadu,TN_Ariyalur,Ariyalur,Ariyalur
555,TN,Tamil Nadu,TN_Salem,Attur,Salem
556,TN,Tamil Nadu,TN_Chengalpattu,Chengalpet,Chengalpattu
557,TN,Tamil Nadu,TN_Chennai,Chennai,Chennai
558,TN,Tamil Nadu,TN_Tiruvannamalai,Cheyyar,Tiruvannamalai
559,TN,Tamil Nadu,TN_Coimbatore,Coimbatore,Coimbatore
560,TN,Tamil Nadu,TN_Cuddalore,Cuddalore,Cuddalore
561,TN,Tamil Nadu,TN_Dharmapuri,Dharmapuri,Dharmapuri
562,TN,Tamil Nadu,TN_Dindigul,Dindigul,Dindigul
563,TN,Tamil Nadu,TN_Erode,Erode,Erode
564,TN,Tamil Nadu,TN_Kallakurichi,Kallakurichi,Kallakurichi
565,TN,Tamil Nadu,TN_Kancheepuram,Kanchipuram,Kancheepuram
566,TN,Tamil Nadu,TN_Kanyakumari,Kanyakumari,Kanyakumari
567,TN,Tamil Nadu,TN_Karur,Karur,Karur
568,TN,Tamil Nadu,TN_Thoothukkudi,Kovilpatti,Thoothukkudi
569,TN,Tamil Nadu,TN_Krishnagiri,Krishnagiri,Krishnagiri
570,TN,Tamil Nadu,TN_Madurai,Madurai,Madurai
571,TN,Tamil Nadu,TN_Nagapattinam,Nagapattinam,Nagapattinam
572,TN,Tamil Nadu,TN_Namakkal,Namakkal,Namakkal
573,TN,Tamil Nadu,TN_Nilgiris,Nilgiris,Nilgiris
574,TN,Tamil Nadu,TN_Dindigul,Palani,Dindigul
575,TN,Tamil Nadu,TN_Ramanathapuram,Paramakudi,Ramanathapuram
576,TN,Tamil Nadu,TN_Perambalur,Perambalur,Perambalur
577,TN,Tamil Nadu,TN_Thiruvallur,Poonamallee,Thiruvallur
578,TN,Tamil Nadu,TN_Pudukkottai,Pudukkottai,Pudukkottai
579,TN,Tamil Nadu,TN_Ramanathapuram,Ramanathapuram,Ramanathapuram
580,TN,Tamil Nadu,TN_Ranipet,Ranipet,Ranipet
581,TN,Tamil Nadu,TN_Salem,Salem,Salem
582,TN,Tamil Nadu,TN_Sivaganga,Sivaganga,Sivaganga
583,TN,Tamil Nadu,TN_Virudhunagar,Sivakasi,Virudhunagar
584,TN,Tamil Nadu,TN_Tenkasi,Tenkasi,Tenkasi
585,TN,Tamil Nadu,TN_Thanjavur,Thanjavur,Thanjavur
586,TN,Tamil Nadu,TN_Theni,Theni,Theni
587,TN,Tamil Nadu,TN_Thoothukkudi,Thoothukudi (Tuticorin),Thoothukkudi
588,TN,Tamil Nadu,TN_Tiruchirappalli,Tiruchirappalli,Tiruchirappalli
589,TN,Tamil Nadu,TN_Tirunelveli,Tirunelveli,Tirunelveli
590,TN,Tamil Nadu,TN_Tirupathur,Tirupattur,Tirupathur
591,TN,Tamil Nadu,TN_Tiruppur,Tiruppur,Tiruppur
592,TN,Tamil Nadu,TN_Thiruvallur,Tiruvallur,Thiruvallur
593,TN,Tamil Nadu,TN_Tiruvannamalai,Tiruvannamalai,Tiruvannamalai
594,TN,Tamil Nadu,TN_Thiruvarur,Tiruvarur,Thiruvarur
595,TN,Tamil Nadu,TN_Vellore,Vellore,Vellore
596,TN,Tamil Nadu,TN_Viluppuram,Viluppuram,Viluppuram
597,TN,Tamil Nadu,TN_Virudhunagar,Virudhunagar,Virudhunagar
598,TG,Telangana,TG_Adilabad,Adilabad,Adilabad
599,TG,Telangana,TG_Bhadradri Kothagudem,Bhadradri Kothagudem,Bhadradri Kothagudem
600,TG,Telangana,TG_Hyderabad,Hyderabad,Hyderabad
601,TG,Telangana,TG_Jagtial,Jagtial,Jagtial
602,TG,Telangana,TG_Jangaon,Jangaon,Jangaon
603,TG,Telangana,TG_Jayashankar Bhupalapally,Jayashankar Bhupalpally,Jayashankar Bhupalapally
604,TG,Telangana,TG_Jogulamba Gadwal,Jogulamba Gadwal,Jogulamba Gadwal
605,TG,Telangana,TG_Kamareddy,Kamareddy,Kamareddy
606,TG,Telangana,TG_Karimnagar,Karimnagar,Karimnagar
607,TG,Telangana,TG_Khammam,Khammam,Khammam
608,TG,Telangana,TG_Komaram Bheem,Kumuram Bheem,Komaram Bheem
609,TG,Telangana,TG_Mahabubabad,Mahabubabad,Mahabubabad
610,TG,Telangana,TG_Mahabubnagar,Mahabubnagar,Mahabubnagar
611,TG,Telangana,TG_Mancherial,Mancherial,Mancherial
612,TG,Telangana,TG_Medak,Medak,Medak
613,TG,Telangana,TG_Medchal Malkajgiri,Medchal,Medchal Malkajgiri
614,TG,Telangana,TG_Mulugu,Mulugu,Mulugu
615,TG,Telangana,TG_Nagarkurnool,Nagarkurnool,Nagarkurnool
616,TG,Telangana,TG_Nalgonda,Nalgonda,Nalgonda
617,TG,Telangana,TG_Narayanpet,Narayanpet,Narayanpet
618,TG,Telangana,TG_Nirmal,Nirmal,Nirmal
619,TG,Telangana,TG_Nizamabad,Nizamabad,Nizamabad
620,TG,Telangana,TG_Peddapalli,Peddapalli,Peddapalli
621,TG,Telangana,TG_Rajanna Sircilla,Rajanna Sircilla,Rajanna Sircilla
622,TG,Telangana,TG_Ranga Reddy,Rangareddy,Ranga Reddy
623,TG,Telangana,TG_Sangareddy,Sangareddy,Sangareddy
624,TG,Telangana,TG_Siddipet,Siddipet,Siddipet
625,TG,Telangana,TG_Suryapet,Suryapet,Suryapet
626,TG,Telangana,TG_Vikarabad,Vikarabad,Vikarabad
627,TG,Telangana,TG_Wanaparthy,Wanaparthy,Wanaparthy
628,TG,Telangana,TG_Warangal Rural,Warangal(Rural),Warangal Rural
629,TG,Telangana,TG_Warangal Urban,Warangal(Urban),Warangal Urban
630,TG,Telangana,TG_Yadadri Bhuvanagiri,Yadadri Bhuvanagiri,Yadadri Bhuvanagiri
631,TR,Tripura,TR_Dhalai,Dhalai,Dhalai
632,TR,Tripura,TR_Gomati,Gomati,Gomati
633,TR,Tripura,TR_Khowai,Khowai,Khowai
634,TR,Tripura,TR_North Tripura,North Tripura,North Tripura
635,TR,Tripura,TR_Sipahijala,Sepahijala,Sipahijala
636,TR,Tripura,TR_South Tripura,South Tripura,South Tripura
637,TR,Tripura,TR_Unokoti,Unakoti,Unokoti
638,TR,Tripura,TR_West Tripura,West Tripura,West Tripura
639,UP,Uttar Pradesh,UP_Agra,Agra,Agra
640,UP,Uttar Pradesh,UP_Aligarh,Aligarh,Aligarh
641,UP,Uttar Pradesh,UP_Ambedkar Nagar,Ambedkar Nagar,Ambedkar Nagar
642,UP,Uttar Pradesh,UP_Amethi,Amethi,Amethi
643,UP,Uttar Pradesh,UP_Amroha,Amroha,Amroha
644,UP,Uttar Pradesh,UP_Auraiya,Auraiya,Auraiya
645,UP,Uttar Pradesh,UP_Ayodhya,Ayodhya,Ayodhya
646,UP,Uttar Pradesh,UP_Azamgarh,Azamgarh,Azamgarh
647,UP,Uttar Pradesh,UP_Budaun,Badaun,Budaun
648,UP,Uttar Pradesh,UP_Baghpat,Baghpat,Baghpat
649,UP,Uttar Pradesh,UP_Bahraich,Bahraich,Bahraich
650,UP,Uttar Pradesh,UP_Balrampur,Balarampur,Balrampur
651,UP,Uttar Pradesh,UP_Ballia,Ballia,Ballia
652,UP,Uttar Pradesh,UP_Banda,Banda,Banda
653,UP,Uttar Pradesh,UP_Barabanki,Barabanki,Barabanki
654,UP,Uttar Pradesh,UP_Bareilly,Bareilly,Bareilly
655,UP,Uttar Pradesh,UP_Basti,Basti,Basti
656,UP,Uttar Pradesh,UP_Bhadohi,Bhadohi,Bhadohi
657,UP,Uttar Pradesh,UP_Bijnor,Bijnour,Bijnor
658,UP,Uttar Pradesh,UP_Bulandshahr,Bulandshahr,Bulandshahr
659,UP,Uttar Pradesh,UP_Chandauli,Chandauli,Chandauli
660,UP,Uttar Pradesh,UP_Chitrakoot,Chitrakoot,Chitrakoot
661,UP,Uttar Pradesh,UP_Deoria,Deoria,Deoria
662,UP,Uttar Pradesh,UP_Etah,Etah,Etah
663,UP,Uttar Pradesh,UP_Etawah,Etawah,Etawah
664,UP,Uttar Pradesh,UP_Farrukhabad,Farrukhabad,Farrukhabad
665,UP,Uttar Pradesh,UP_Fatehpur,Fatehpur,Fatehpur
666,UP,Uttar Pradesh,UP_Firozabad,Firozabad,Firozabad
667,UP,Uttar Pradesh,UP_Gautam Buddha Nagar,Gautam Buddha Nagar,Gautam Buddha Nagar
668,UP,Uttar Pradesh,UP_Ghaziabad,Ghaziabad,Ghaziabad
669,UP,Uttar Pradesh,UP_Ghazipur,Ghazipur,Ghazipur
670,UP,Uttar Pradesh,UP_Gonda,Gonda,Gonda
671,UP,Uttar Pradesh,UP_Gorakhpur,Gorakhpur,Gorakhpur
672,UP,Uttar Pradesh,UP_Hamirpur,Hamirpur,Hamirpur
673,UP,Uttar Pradesh,UP_Hapur,Hapur,Hapur
674,UP,Uttar Pradesh,UP_Hardoi,Hardoi,Hardoi
675,UP,Uttar Pradesh,UP_Hathras,Hathras,Hathras
676,UP,Uttar Pradesh,UP_Jalaun,Jalaun,Jalaun
677,UP,Uttar Pradesh,UP_Jaunpur,Jaunpur,Jaunpur
678,UP,Uttar Pradesh,UP_Jhansi,Jhansi,Jhansi
679,UP,Uttar Pradesh,UP_Kannauj,Kannauj,Kannauj
680,UP,Uttar Pradesh,UP_Kanpur Dehat,Kanpur Dehat,Kanpur Dehat
681,UP,Uttar Pradesh,UP_Kanpur Nagar,Kanpur Nagar,Kanpur Nagar
682,UP,Uttar Pradesh,UP_Kasganj,Kasganj,Kasganj
683,UP,Uttar Pradesh,UP_Kaushambi,Kaushambi,Kaushambi
684,UP,Uttar Pradesh,UP_Kushinagar,Kushinagar,Kushinagar
685,UP,Uttar Pradesh,UP_Lakhimpur Kheri,Lakhimpur Kheri,Lakhimpur Kheri
686,UP,Uttar Pradesh,UP_Lalitpur,Lalitpur,Lalitpur
687,UP,Uttar Pradesh,UP_Lucknow,Lucknow,Lucknow
688,UP,Uttar Pradesh,UP_Maharajganj,Maharajganj,Maharajganj
689,UP,Uttar Pradesh,UP_Mahoba,Mahoba,Mahoba
690,UP,Uttar Pradesh,UP_Mainpuri,Mainpuri,Mainpuri
691,UP,Uttar Pradesh,UP_Mathura,Mathura,Mathura
692,UP,Uttar Pradesh,UP_Mau,Mau,Mau
693,UP,Uttar Pradesh,UP_Meerut,Meerut,Meerut
694,UP,Uttar Pradesh,UP_Mirzapur,Mirzapur,Mirzapur
695,UP,Uttar Pradesh,UP_Moradabad,Moradabad,Moradabad
696,UP,Uttar Pradesh,UP_Muzaffarnagar,Muzaffarnagar,Muzaffarnagar
697,UP,Uttar Pradesh,UP_Pilibhit,Pilibhit,Pilibhit
698,UP,Uttar Pradesh,UP_Pratapgarh,Pratapgarh,Pratapgarh
699,UP,Uttar Pradesh,UP_Prayagraj,Prayagraj,Prayagraj
700,UP,Uttar Pradesh,UP_Rae Bareli,Raebareli,Rae Bareli
701,UP,Uttar Pradesh,UP_Rampur,Rampur,Rampur
702,UP,Uttar Pradesh,UP_Saharanpur,Saharanpur,Saharanpur
703,UP,Uttar Pradesh,UP_Sambhal,Sambhal,Sambhal
704,UP,Uttar Pradesh,UP_Sant Kabir Nagar,Sant Kabir Nagar,Sant Kabir Nagar
705,UP,Uttar Pradesh,UP_Shahjahanpur,Shahjahanpur,Shahjahanpur
706,UP,Uttar Pradesh,UP_Shamli,Shamli,Shamli
707,UP,Uttar Pradesh,UP_Shrawasti,Shravasti,Shrawasti
708,UP,Uttar Pradesh,UP_Siddharthnagar,Siddharthnagar,Siddharthnagar
709,UP,Uttar Pradesh,UP_Sitapur,Sitapur,Sitapur
710,UP,Uttar Pradesh,UP_Sonbhadra,Sonbhadra,Sonbhadra
711,UP,Uttar Pradesh,UP_Sultanpur,Sultanpur,Sultanpur
712,UP,Uttar Pradesh,UP_Unnao,Unnao,Unnao
713,UP,Uttar Pradesh,UP_Varanasi,Varanasi,Varanasi
714,UT,Uttarakhand,UT_Almora,Almora,Almora
715,UT,Uttarakhand,UT_Bageshwar,Bageshwar,Bageshwar
716,UT,Uttarakhand,UT_Chamoli,Chamoli,Chamoli
717,UT,Uttarakhand,UT_Champawat,Champawat,Champawat
718,UT,Uttarakhand,UT_Dehradun,Dehradun,Dehradun
719,UT,Uttarakhand,UT_Haridwar,Haridwar,Haridwar
720,UT,Uttarakhand,UT_Nainital,Nainital,Nainital
721,UT,Uttarakhand,UT_Pauri Garhwal,Pauri Garhwal,Pauri Garhwal
722,UT,Uttarakhand,UT_Pithoragarh,Pithoragarh,Pithoragarh
723,UT,Uttarakhand,UT_Rudraprayag,Rudraprayag,Rudraprayag
724,UT,Uttarakhand,UT_Tehri Garhwal,Tehri Garhwal,Tehri Garhwal
725,UT,Uttarakhand,UT_Udham Singh Nagar,Udham Singh Nagar,Udham Singh Nagar
726,UT,Uttarakhand,UT_Uttarkashi,Uttarkashi,Uttarkashi
727,WB,West Bengal,WB_Alipurduar,Alipurduar District,Alipurduar
728,WB,West Bengal,WB_Bankura,Bankura,Bankura
729,WB,West Bengal,WB_North 24 Parganas,Basirhat HD (North 24 Parganas),North 24 Parganas
730,WB,West Bengal,WB_Birbhum,Birbhum,Birbhum
731,WB,West Bengal,WB_Bankura,Bishnupur HD (Bankura),Bankura
732,WB,West Bengal,WB_Cooch Behar,COOCHBEHAR,Cooch Behar
734,WB,West Bengal,WB_Dakshin Dinajpur,Dakshin Dinajpur,Dakshin Dinajpur
735,WB,West Bengal,WB_Darjeeling,Darjeeling,Darjeeling
736,WB,West Bengal,WB_South 24 Parganas,Diamond Harbor HD (S 24 Parganas),South 24 Parganas
737,WB,West Bengal,WB_Purba Bardhaman,East Bardhaman,Purba Bardhaman
738,WB,West Bengal,WB_Hooghly,Hoogly,Hooghly
739,WB,West Bengal,WB_Howrah,Howrah,Howrah
740,WB,West Bengal,WB_Jalpaiguri,Jalpaiguri,Jalpaiguri
741,WB,West Bengal,WB_Jhargram,Jhargram,Jhargram
742,WB,West Bengal,WB_Kalimpong,Kalimpong,Kalimpong
743,WB,West Bengal,WB_Kolkata,Kolkata,Kolkata
744,WB,West Bengal,WB_Malda,Malda,Malda
745,WB,West Bengal,WB_Murshidabad,Murshidabad,Murshidabad
746,WB,West Bengal,WB_Nadia,Nadia,Nadia
747,WB,West Bengal,WB_Purba Medinipur,Nandigram HD (East Medinipore),Purba Medinipur
748,WB,West Bengal,WB_North 24 Parganas,North 24 Parganas,North 24 Parganas
749,WB,West Bengal,WB_Paschim Medinipur,Paschim Medinipore,Paschim Medinipur
750,WB,West Bengal,WB_Purba Medinipur,Purba Medinipore,Purba Medinipur
751,WB,West Bengal,WB_Purulia,Purulia,Purulia
752,WB,West Bengal,WB_Birbhum,Rampurhat HD (Birbhum),Birbhum
753,WB,West Bengal,WB_South 24 Parganas,South 24 Parganas,South 24 Parganas
754,WB,West Bengal,WB_Uttar Dinajpur,Uttar Dinajpur,Uttar Dinajpur
755,WB,West Bengal,WB_Paschim Bardhaman,West Bardhaman,Paschim Bardhaman
